SpanName,Issues,AbnormalAvgDuration,NormalAvgDuration,AbnormalSuccRate,NormalSuccRate,AbnormalP90,NormalP90,AbnormalP95,NormalP95,AbnormalP99,NormalP99
HTTP GET http://ts-ui-dashboard:8080/api/v1/verifycode/verify/{verifyCode},{},0.006932778666666667,0.00685378208018868,1.0,1.0,0.006865708200000001,0.0064827875,0.0091013198,0.007576757049999992,0.03614667060000008,0.02434356225999999
HTTP GET http://ts-ui-dashboard:8080/api/v1/assuranceservice/assurances/types,{},0.007621607454545454,0.007811325763636363,1.0,1.0,0.010225107,0.009566438,0.0104430505,0.0102841891,0.0106174053,0.015451965960000006
HTTP POST http://ts-ui-dashboard:8080/api/v1/preserveservice/preserve,"{""succ_rate"": {""normal"": 1.0, ""abnormal"": 0.5454545454545454, ""p_value"": 1.9834431252974127e-07, ""z_statistic"": 5.20088264892305, ""change_rate"": 0.4545454545454546, ""rate_drop"": 0.4545454545454546, ""slo_violated"": true}}",0.5894820851818181,0.3262989689272727,0.5454545454545454,1.0,2.13672868,0.5384881176,2.1854852085,0.8170711116999998,2.2244904313,1.1537647076800004
HTTP GET http://ts-ui-dashboard:8080/api/v1/foodservice/foods/{date}/{startStation}/{endStation}/{tripId},{},0.12349342842857143,0.0345008941125,1.0,1.0,0.06732345010000002,0.0609055547,0.0743069848,0.07032731249999999,1.7788458425400009,0.08760254455999998
HTTP GET http://ts-ui-dashboard:8080/api/v1/routeservice/routes,{},0.014293903414634147,0.01895820596954315,1.0,1.0,0.016616496,0.01945119,0.019173256,0.023826214399999986,0.035434874800000044,0.05836226979999953
HTTP PUT http://ts-ui-dashboard:8080/api/v1/consignservice/consigns,{},0.054594872,0.03701460188888889,1.0,1.0,0.054594872,0.040914904,0.054594872,0.041078682,0.054594872,0.0412097044
HTTP POST http://ts-ui-dashboard:8080/api/v1/orderservice/order/refresh,{},0.007838276931818182,0.009296488090425532,1.0,1.0,0.010656346500000004,0.0090915872,0.0132482725,0.010119309600000001,0.020497514570000003,0.041456860819999976
HTTP GET http://ts-ui-dashboard:8080/api/v1/trainservice/trains,{},0.008651496851851853,0.013663793267857143,1.0,1.0,0.011387178600000006,0.013298905599999999,0.0127642758,0.014861828399999997,0.016429334399999992,0.05144712515000001
HTTP POST http://ts-ui-dashboard:8080/api/v1/travelservice/trips/left,"{""avg_duration"": {""normal"": 0.13295335503278688, ""abnormal"": 3.9724329261666664, ""anomaly_score"": 0.0, ""change_rate"": 28.878395510869563, ""absolute_change"": 3.9724329261666664, ""slo_violated"": true}, ""p90_duration"": {""normal"": 0.210110227, ""abnormal"": 4.5431221532, ""anomaly_score"": 0.0, ""change_rate"": 19.710363476708366, ""absolute_change"": 4.5431221532, ""slo_violated"": true}, ""p95_duration"": {""normal"": 0.283208462, ""abnormal"": 4.57857138265, ""anomaly_score"": 0.0, ""change_rate"": 13.745681546900904, ""absolute_change"": 4.57857138265, ""slo_violated"": true}, ""succ_rate"": {""normal"": 1.0, ""abnormal"": 0.8333333333333334, ""p_value"": 0.0011506323944814323, ""z_statistic"": 3.250843345370606, ""change_rate"": 0.16666666666666663, ""rate_drop"": 0.16666666666666663, ""slo_violated"": true}}",3.9724329261666664,0.13295335503278688,0.8333333333333334,1.0,4.5431221532,0.210110227,4.57857138265,0.283208462,4.62335299413,0.5589791477999999
HTTP POST http://ts-ui-dashboard:8080/api/v1/users/login,{},0.10124046731034483,0.09915399251415094,1.0,1.0,0.116446557,0.1011684495,0.12260705570000001,0.10539840855,0.20885987772000011,0.2416776764799982
HTTP GET http://ts-ui-dashboard:8080/api/v1/consignservice/consigns/order/{id},{},0.010720998,0.011714267615384615,1.0,1.0,0.011700686,0.014897383000000002,0.011823147,0.016955391599999994,0.011921115800000001,0.019084992719999996
HTTP POST http://ts-ui-dashboard:8080/api/v1/orderOtherService/orderOther/refresh,{},0.00825557540909091,0.010818514414893617,1.0,1.0,0.0113197073,0.011628551200000002,0.0122923041,0.013436075950000003,0.024131264570000005,0.03049004993999986
HTTP GET http://ts-ui-dashboard:8080/api/v1/cancelservice/cancel/refound/{orderId},{},0.03754009,0.0568201206,1.0,1.0,0.03754009,0.1154194146,0.03754009,0.14181199779999998,0.03754009,0.16292606435999998
HTTP POST http://ts-ui-dashboard:8080/api/v1/travelplanservice/travelPlan/quickest,"{""avg_duration"": {""normal"": 0.5524876153333333, ""abnormal"": 7.841838493, ""anomaly_score"": 0.0, ""change_rate"": 13.19369099933357, ""absolute_change"": 7.841838493, ""slo_violated"": true}, ""succ_rate"": {""normal"": 1.0, ""abnormal"": 0.8, ""p_value"": 0.018227057176080308, ""z_statistic"": 2.36097300882223, ""change_rate"": 0.19999999999999996, ""rate_drop"": 0.19999999999999996, ""slo_violated"": true}}",7.841838493,0.5524876153333333,0.8,1.0,10.610758177600001,1.2016242896000002,10.9505680118,1.3669224476,11.22241587916,1.6338632272999996
HTTP POST http://ts-ui-dashboard:8080/api/v1/inside_pay_service/inside_payment,{},0.0650138435,0.08193339890476191,1.0,1.0,0.0831415239,0.05289370599999999,0.08818097294999999,0.05560623589999999,0.09221253219,1.1560338405999933
HTTP GET http://ts-ui-dashboard:8080/api/v1/contactservice/contacts/account/{accountId},{},0.009371577464285715,0.01221420769375,1.0,1.0,0.011476964500000002,0.012746559399999998,0.01617515534999999,0.015864130399999992,0.03011959092000001,0.027471183419999972
HTTP POST http://ts-ui-dashboard:8080/api/v1/travelplanservice/travelPlan/minStation,{},0.394167822,0.6735282869166667,1.0,1.0,0.4433920422,1.813456995,0.4485896676,2.80436110475,0.45274776792000004,3.0174791974
HTTP GET http://ts-ui-dashboard:8080/api/v1/consignservice/consigns/account/{id},{},0.010964795,0.01207450402631579,1.0,1.0,0.011023509800000001,0.0165898878,0.0110357779,0.01728948615,0.01104559238,0.02039363412000001
HTTP POST http://ts-ui-dashboard:8080/api/v1/travel2service/trips/left,"{""avg_duration"": {""normal"": 0.16667048241176471, ""abnormal"": 3.90011772175, ""anomaly_score"": 0.0, ""change_rate"": 22.40017059598253, ""absolute_change"": 3.90011772175, ""slo_violated"": true}, ""p90_duration"": {""normal"": 0.157732864, ""abnormal"": 4.5167246396000005, ""anomaly_score"": 0.0, ""change_rate"": 26.67533470961681, ""absolute_change"": 4.5167246396000005, ""slo_violated"": true}, ""p95_duration"": {""normal"": 0.283701486, ""abnormal"": 4.5847794803, ""anomaly_score"": 0.0, ""change_rate"": 9.07571790476161, ""absolute_change"": 4.5847794803, ""slo_violated"": true}, ""succ_rate"": {""normal"": 1.0, ""abnormal"": 0.875, ""p_value"": 0.010879381508128283, ""z_statistic"": 2.5465493894883457, ""change_rate"": 0.125, ""rate_drop"": 0.125, ""slo_violated"": true}}",3.90011772175,0.16667048241176471,0.875,1.0,4.5167246396000005,0.157732864,4.5847794803,0.283701486,4.639223352859999,1.6716028075
HTTP GET http://ts-ui-dashboard:8080/api/v1/userservice/users/id/{userId},{},0.006996529488636364,0.008753001612293145,1.0,1.0,0.009365188999999998,0.0095388336,0.0101275886,0.010874514099999994,0.025618340719999917,0.016512560399999963
HTTP GET http://ts-ui-dashboard:8080/api/v1/cancelservice/cancel/{orderId}/{loginId},{},0.072406818,0.080023099,1.0,1.0,0.072406818,0.1037977944,0.072406818,0.10849839419999999,0.072406818,0.11225887404000001
HTTP POST http://ts-ui-dashboard:8080/api/v1/travelplanservice/travelPlan/cheapest,"{""avg_duration"": {""normal"": 0.4603174239090909, ""abnormal"": 9.093301203, ""anomaly_score"": 0.0, ""change_rate"": 18.75441452069791, ""absolute_change"": 9.093301203, ""slo_violated"": true}}",9.093301203,0.4603174239090909,1.0,1.0,9.220832263,0.8954741124000005,9.2522511515,1.0068280244,9.277386262299999,1.7889836907899992
